{"stats":{"minecraft:used":{"minecraft:lever":1,"minecraft:mossy_stone_bricks":44,"minecraft:black_concrete":38,"minecraft:command_block":25,"minecraft:iron_block":66,"minecraft:armor_stand":48,"minecraft:redstone":28,"minecraft:oak_button":2,"minecraft:stone_button":8,"minecraft:oak_sign":26,"minecraft:spruce_planks":87,"minecraft:zombie_spawn_egg":1,"minecraft:stone_bricks":79,"minecraft:cracked_stone_bricks":43,"minecraft:diamond_sword":38,"minecraft:repeater":3,"minecraft:anvil":4,"minecraft:written_book":29,"minecraft:crafting_table":5,"minecraft:chain_command_block":37,"minecraft:white_concrete":52},"minecraft:custom":{"minecraft:time_since_rest":83938,"minecraft:sprint_one_cm":113686,"minecraft:damage_taken":1000,"minecraft:walk_one_cm":184718,"minecraft:interact_with_anvil":12,"minecraft:mob_kills":10,"minecraft:drop":9,"minecraft:damage_dealt":1852,"minecraft:interact_with_crafting_table":7,"minecraft:fly_one_cm":262263,"minecraft:play_one_minute":142673,"minecraft:crouch_one_cm":8011,"minecraft:deaths":4,"minecraft:sneak_time":9128,"minecraft:jump":327,"minecraft:leave_game":12,"minecraft:time_since_death":83913,"minecraft:fall_one_cm":2418},"minecraft:killed":{"minecraft:husk":9},"minecraft:crafted":{"minecraft:leather_leggings":6,"minecraft:leather_chestplate":5},"minecraft:picked_up":{"minecraft:stone":1,"minecraft:stone_button":1,"minecraft:rotten_flesh":11,"minecraft:command_block":1,"minecraft:oak_sign":1,"minecraft:written_book":3},"minecraft:dropped":{"minecraft:stone":2,"minecraft:rotten_flesh":1,"minecraft:command_block":2,"minecraft:written_book":4}},"DataVersion":2230}